Client Name,MAC Address
PIRATE HOOK DLX P1,00:06:66:3a:0b:ac
BIG BASS LIL PRO,00:06:66:3A:13:72
RED HOT SINGLE,00:06:66:3a:0b:97
WATER BLASTER P1,00:06:66:3a:02:d0
JET RIDER,00:06:66:35:22:E3
PACMAN TICKET MANIA,00:06:66:35:22:c0
TERMINATOR SALVATION,00:06:66:35:1c:8e
TRANSFORMERS,00:06:66:3A:02:E3
SEA WOLF,00:06:66:35:1f:CF
SUPER CARS FNF #1,00:06:66:3a:10:6e
SUPER CARS FNF #2,00:06:66:35:15:78
DEADSTORM PIRATES,00:06:66:3a:0f:a6
BIKE RALLY,00:1e:c0:44:5c:fc
BIG WIN,00:06:66:3a:0f:e8
CEC SKETCHBOOK,00:06:66:35:d2:10
HAMMER FUN,00:06:66:3a:0f:e5
SAUCER,00:06:66:35:D3:1B
TIK TAK,00:06:66:3a:0b:7f
MILK JUGG TOSS,00:06:66:3A:0B:B3
CEC HOOPS P1,00:06:66:35:15:66
CEC HOOPS P2,00:06:66:35:23:b7
DEEP SEA TREASURE,00:06:66:35:20:c6
DOG POUNDER,00:06:66:35:23:BB
TIP N BLOCKS,00:06:66:35:21:16
JAM SESSION,00:06:66:3A:0C:7A
PENALTY KICK,00:06:66:3a:02:0f
SIMPSONS CARNIVAL,00:06:66:3a:0b:af
WATER FALLZ,00:06:66:3a:0a:fc
WINNERS WHEEL,00:06:66:3A:05:0E
WONDER LAND,00:06:66:3a:11:9d
HOLLYWOOD REELS P1,00:06:66:3a:11:ef
PHARAOH'S TREASURE P1,00:06:66:3a:05:38
Token Dispesner,00:06:66:3a:13:5a
PIRATE HOOK DLX P2,00:06:66:3a:0b:a8
PIRATE HOOK DLX P3,00:06:66:3a:02:55
PIRATE HOOK DLX P4,00:06:66:3A:0C:6B
ALLEY CLASSIC #2,00:06:66:3A:0B:98
ALLEY CLASSIC #3,00:06:66:3A:11:8E
ALLEY CLASSIC #4,00:1E:C0:44:C2:C9
ALLEY CLASSIC #5,00:06:66:3a:0F:DB
ALLEY CLASSIC #6,00:06:66:3A:02:8B
PHARAOH'S TREASURE P2,00:06:66:3a:0c:18
PHARAOH'S TREASURE P3,00:06:66:3a:11:01
PHARAOH'S TREASURE P4,00:06:66:35:d3:46
HOLLYWOOD REELS P2,00:06:66:3a:0b:b6
WATER BLASTER P2,00:06:66:35:D3:6A
DIZZY CHICKEN,00:06:66:35:D2:64
CEC PHOTO BOOTH P1,00:06:66:3A:11:DB
CEC PHOTO BOOTH P2,00:06:66:3A:0B:50
CEC GLIDER RIDER,00:06:66:3A:02:E7
BUNNY POND,00:1E:C0:44:65:8D
CHOPPY WOOD p1,00:1E:C0:44:62:B6
CHOPPY WOOD p2,00:1E:C0:44:65:85
PAW PATROL,00:1E:C0:44:80:25
QUIK DROP,00:06:66:35:22:AB
SPONGE BOB PINEAPPLE p1,00:06:66:35:20:36
SPONGE BOB PINEAPPLE p2,00:06:66:35:20:A4
ANGRY BIRDS,00:06:66:3A:11:49
HUNGRY CHICKEN p1,00:06:66:3A:10:04
HUNGRY CHICKEN p2,00:06:66:35:D3:3E
SPONGE BOB ORDER UP,00:06:66:3A:85:AB
SONIC BLAST BALL,00:06:66:35:1A:F8
FISHBOWL FRENZY,00:06:66:35:22:BF
BASEBALL PRO,00:06:66:35:D2:74
SPYDERO CAR,00:06:66:35:18:6F
Pause Station 1,00:06:66:35:1F:74
Pause Station 2,00:06:66:3C:B5:D7
EASY RIDER,00:06:66:3A:87:DA
Bykero,ec:fa:bc:1e:ef:54
CRUISIN' BLAST p1,84:f3:eb:be:0e:73
CRUISIN' BLAST p2,ec:fa:bc:1e:ea:bd
GHOST BUSTERS p1,80:7d:3a:11:b4:87
GHOST BUSTERS p2,00:06:66:3A:13:5B
HIT THE MUSIC,ec:fa:bc:1e:d1:5a
Ice Cube,00:1E:C0:46:51:FC
SPINNER FRENZY,80:7d:3a:11:b3:39
Teenage Mutant Ninja Turtles p1,ec:fa:bc:1e:ef:71
Teenage Mutant Ninja Turtles p2,ec:fa:bc:1e:ea:c9
Teenage Mutant Ninja Turtles p3,ec:fa:bc:1e:ef:39
Teenage Mutant Ninja Turtles p4,ec:fa:bc:1e:d2:81
CEC COLOR PHOTO RIDE,00:06:66:3C:D9:FF
BARREL OF MONKEYS,00:06:66:35:21:55
CRAZY TOWER P1,00:06:66:3D:AA:23
CRAZY TOWER P2,00:06:66:3D:7C:86
CRAZY TOWER P3,00:06:66:35:1F:B6
CRAZY TOWER P4,00:06:66:3D:7E:E3
GRAND PIANO KEYS P1,00:06:66:35:24:28
GRAND PIANO KEYS P2,00:06:66:3A:00:CE
LUIGI'S MANSION,00:06:66:3A:87:CA
Rockin' Rollin',00:06:66:35:22:4A
Tight Rope,00:06:66:35:1E:EB
TROPHY TRUCK,00:06:66:3A:10:7A
ZOMBIE SNATCHER P1,00:06:66:35:1D:C9
ZOMBIE SNATCHER P2,00:1E:C0:45:58:0C
ZOMBIE SNATCHER P3,00:06:66:35:18:7A
ZOMBIE SNATCHER P4,00:06:66:3A:02:E5
ZOMBIE SNATCHER P5,00:06:66:3A:04:E9
ZOMBIE SNATCHER P6,00:1E:C0:45:73:51
Check Balance PPR,84:F3:EB:BE:19:85
Check Balance REC,80:7D:3A:15:39:44
FRUIT NINJA 2,00:06:66:3A:02:7D